origin,day_of_week,decimal_time,wait|14179,destination,travel_time
3883,2,4.58,16.52,14179,0.25
3883,2,4.85,15.72,14179,0.15
3883,2,5.12,21.03,14179,0.15
3883,2,5.47,4.3,14179,0.13
3883,2,5.53,25.12,14179,0.23
3883,2,5.95,18.0,14179,0.35
3883,2,6.25,20.63,14179,0.37
3883,2,6.6,15.92,14179,0.32
3883,2,6.87,17.03,14179,0.13
3883,2,7.15,17.57,14179,0.15
3883,2,7.45,28.98,14179,1.2
3883,2,7.93,2.93,14179,0.27
3883,2,7.97,13.08,14179,0.32
3883,2,8.2,12.47,14179,0.22
3883,2,8.4,8.5,14179,0.15
3883,2,8.55,9.82,14179,0.37
3883,2,8.7,6.02,14179,0.35
3883,2,8.8,13.9,14179,0.25
3883,2,9.03,3.03,14179,0.3
3883,2,9.08,10.03,14179,0.25
3883,2,9.25,1.27,14179,0.25
3883,2,9.28,8.55,14179,0.3
3883,2,9.42,9.85,14179,0.18
3883,2,9.58,3.08,14179,0.17
3883,2,9.63,8.25,14179,0.5
3883,2,9.77,8.52,14179,0.37
3883,2,9.92,11.13,14179,0.2
3883,2,10.1,3.07,14179,0.17
3883,2,10.15,21.03,14179,0.17
3883,2,10.5,9.97,14179,0.13
3883,2,10.67,10.03,14179,0.15
3883,2,10.83,10.58,14179,0.13
3883,2,11.02,25.77,14179,0.32
3883,2,11.43,20.93,14179,0.23
3883,2,11.78,11.3,14179,0.32
3883,2,11.98,17.28,14179,0.27
3883,2,12.27,20.22,14179,0.6
3883,2,12.6,21.88,14179,0.13
3883,2,12.97,22.05,14179,0.27
3883,2,13.33,12.75,14179,0.17
3883,2,13.55,20.53,14179,0.17
3883,2,13.88,16.03,14179,0.32
3883,2,14.15,41.97,14179,0.3
3883,2,14.85,11.43,14179,0.28
3883,2,15.05,30.1,14179,0.6
3883,2,15.55,1.5,14179,0.67
3883,2,15.57,20.08,14179,3.37
3883,2,15.92,14.5,14179,0.38
3883,2,16.15,6.68,14179,0.47
3883,2,16.27,11.13,14179,0.62
3883,2,16.45,11.17,14179,0.52
3883,2,16.63,11.47,14179,0.33
3883,2,16.82,10.35,14179,0.33
3883,2,17.0,15.08,14179,0.68
3883,2,17.25,17.0,14179,0.48
3883,2,17.53,1.57,14179,0.5
3883,2,17.55,11.42,14179,0.27
3883,2,17.75,16.7,14179,0.63
3883,2,18.03,11.47,14179,0.25
3883,2,18.28,12.85,14179,0.27
3883,2,18.5,18.37,14179,0.2
3883,2,18.8,0.05,14179,0.32
3883,2,18.8,22.9,14179,2.05
3883,2,19.18,11.43,14179,0.33
3883,2,19.38,14.38,14179,0.12
3883,2,19.62,18.75,14179,0.17
3883,2,19.93,20.4,14179,0.52
3883,2,20.27,20.87,14179,0.25
3883,2,20.62,19.38,14179,0.48
3883,2,20.95,9.88,14179,0.35
3883,2,21.1,29.65,14179,0.32
3883,2,21.6,17.98,14179,0.2
3883,2,21.9,17.8,14179,0.13
3883,2,22.93,,14179,0.28
3883,3,4.25,22.8,14179,0.17
3883,3,4.63,14.17,14179,0.08
3883,3,4.87,17.47,14179,0.28
3883,3,5.15,24.07,14179,0.32
3883,3,5.55,22.58,14179,0.32
3883,3,5.93,20.27,14179,0.5
3883,3,6.27,18.57,14179,0.27
3883,3,6.58,30.65,14179,0.55
3883,3,7.1,22.42,14179,0.35
3883,3,7.47,17.07,14179,0.32
3883,3,7.75,15.77,14179,0.3
3883,3,8.02,12.53,14179,0.17
3883,3,8.22,15.98,14179,0.3
3883,3,8.48,5.43,14179,0.23
3883,3,8.58,8.45,14179,0.17
3883,3,8.72,18.77,14179,0.37
3883,3,9.03,9.28,14179,0.18
3883,3,9.18,1.73,14179,0.25
3883,3,9.22,7.07,14179,0.18
3883,3,9.33,4.35,14179,0.15
3883,3,9.4,12.67,14179,0.33
3883,3,9.62,1.17,14179,0.12
3883,3,9.63,9.97,14179,0.3
3883,3,9.8,7.08,14179,0.4
3883,3,9.92,10.05,14179,0.32
3883,3,10.08,13.88,14179,0.3
3883,3,10.32,4.53,14179,0.32
3883,3,10.4,30.25,14179,0.18
3883,3,10.9,8.17,14179,0.57
3883,3,11.03,16.02,14179,5.52
3883,3,11.3,24.93,14179,0.28
3883,3,11.72,14.7,14179,0.25
3883,3,11.97,21.05,14179,0.67
3883,3,12.32,16.97,14179,0.47
3883,3,12.6,15.28,14179,0.52
3883,3,12.85,24.08,14179,0.33
3883,3,13.25,19.08,14179,0.22
3883,3,13.57,15.95,14179,0.32
3883,3,13.83,23.62,14179,0.67
3883,3,14.23,12.92,14179,0.58
3883,3,14.45,21.25,14179,0.52
3883,3,14.8,10.2,14179,0.48
3883,3,14.97,32.3,14179,0.32
3883,3,15.52,12.97,14179,0.28
3883,3,15.72,12.15,14179,0.55
3883,3,15.93,24.88,14179,0.67
3883,3,16.35,9.67,14179,0.4
3883,3,16.5,5.7,14179,0.33
3883,3,16.6,14.45,14179,0.35
3883,3,16.83,12.55,14179,0.33
3883,3,17.05,11.33,14179,0.57
3883,3,17.23,12.67,14179,0.37
3883,3,17.45,7.33,14179,2.82
3883,3,17.57,5.87,14179,0.3
3883,3,17.67,16.55,14179,0.48
3883,3,17.95,7.27,14179,0.27
3883,3,18.07,24.32,14179,4.25
3883,3,18.47,12.27,14179,3.77
3883,3,18.67,3.02,14179,0.18
3883,3,18.73,19.8,14179,1.88
3883,3,19.05,7.65,14179,0.28
3883,3,19.18,16.9,14179,0.15
3883,3,19.47,7.27,14179,0.15
3883,3,19.58,20.85,14179,2.55
3883,3,19.93,41.73,14179,0.15
3883,3,20.63,15.63,14179,0.62
3883,3,20.88,21.08,14179,0.38
3883,3,21.23,17.17,14179,0.33
3883,3,21.53,40.35,14179,0.22
3883,3,22.2,44.43,14179,0.13
3883,3,22.93,,14179,0.27
3883,4,4.27,18.73,14179,0.2
3883,4,4.58,18.75,14179,0.45
3883,4,4.88,17.12,14179,0.2
3883,4,5.18,17.4,14179,0.17
3883,4,5.47,5.97,14179,0.12
3883,4,5.57,21.8,14179,0.13
3883,4,5.93,21.38,14179,0.52
3883,4,6.28,22.12,14179,0.3
3883,4,6.65,9.83,14179,0.35
3883,4,6.82,18.33,14179,0.12
3883,4,7.12,19.95,14179,0.23
3883,4,7.45,19.83,14179,0.37
3883,4,7.78,14.27,14179,0.27
3883,4,8.02,14.68,14179,0.33
3883,4,8.27,5.75,14179,0.32
3883,4,8.37,17.62,14179,0.55
3883,4,8.65,5.7,14179,0.23
3883,4,8.75,7.07,14179,0.2
3883,4,8.87,5.75,14179,0.37
3883,4,8.97,11.3,14179,0.18
3883,4,9.15,7.03,14179,0.25
3883,4,9.27,1.65,14179,0.42
3883,4,9.3,7.08,14179,0.18
3883,4,9.42,4.07,14179,0.13
3883,4,9.48,15.93,14179,0.3
3883,4,9.75,7.05,14179,0.17
3883,4,9.87,5.48,14179,0.32
3883,4,9.97,14.2,14179,0.35
3883,4,10.2,2.27,14179,0.17
3883,4,10.23,16.3,14179,2.45
3883,4,10.5,1.13,14179,0.23
3883,4,10.52,22.45,14179,5.33
3883,4,10.9,11.45,14179,0.3
3883,4,11.08,25.58,14179,0.23
3883,4,11.52,12.02,14179,0.15
3883,4,11.72,31.3,14179,0.53
3883,4,12.23,9.62,14179,0.32
3883,4,12.4,17.2,14179,0.63
3883,4,12.68,18.5,14179,0.37
3883,4,13.0,25.67,14179,0.33
3883,4,13.42,10.0,14179,0.65
3883,4,13.58,40.53,14179,0.47
3883,4,14.27,16.47,14179,0.45
3883,4,14.53,29.23,14179,0.25
3883,4,15.03,1.53,14179,0.32
3883,4,15.05,28.37,14179,0.33
3883,4,15.52,0.7,14179,0.32
3883,4,15.53,53.25,14179,1.18
3883,4,16.42,1.07,14179,0.3
3883,4,16.43,0.32,14179,0.23
3883,4,16.45,2.68,14179,0.53
3883,4,16.48,18.58,14179,0.22
3883,4,16.8,12.88,14179,0.57
3883,4,17.02,5.52,14179,0.48
3883,4,17.1,8.68,14179,0.32
3883,4,17.25,17.17,14179,0.28
3883,4,17.63,17.47,14179,0.25
3883,4,17.93,28.65,14179,0.35
3883,4,18.4,1.58,14179,0.17
3883,4,18.43,0.95,14179,0.47
3883,4,18.45,7.15,14179,0.32
3883,4,18.57,8.18,14179,0.37
3883,4,18.7,36.32,14179,1.5
3883,4,19.32,2.6,14179,0.13
3883,4,19.35,25.85,14179,0.22
3883,4,19.78,14.95,14179,0.25
3883,4,20.35,14.12,14179,0.27
3883,4,20.58,20.65,14179,0.33
3883,4,20.93,13.37,14179,0.38
3883,4,21.15,25.67,14179,0.3
3883,4,21.58,17.17,14179,0.28
3883,4,21.87,23.97,14179,0.27
3883,4,22.27,19.68,14179,0.47
3883,4,23.03,,14179,0.28
3883,5,5.25,22.47,14179,0.12
3883,5,5.62,22.72,14179,0.23
3883,5,6.0,20.53,14179,0.27
3883,5,6.33,10.35,14179,0.22
3883,5,6.52,22.05,14179,0.15
3883,5,6.88,22.73,14179,1.68
3883,5,7.27,21.17,14179,0.68
3883,5,7.62,23.85,14179,0.57
3883,5,8.02,18.27,14179,0.13
3883,5,8.32,19.42,14179,0.1
3883,5,8.63,21.13,14179,0.25
3883,5,8.98,20.37,14179,0.2
3883,5,9.33,25.28,14179,0.1
3883,5,9.75,14.57,14179,0.47
3883,5,10.0,36.28,14179,0.13
3883,5,10.6,1.88,14179,0.43
3883,5,10.63,21.3,14179,0.15
3883,5,10.98,17.35,14179,0.38
3883,5,11.27,16.6,14179,0.3
3883,5,11.55,22.57,14179,0.37
3883,5,11.93,29.33,14179,0.72
3883,5,12.42,12.95,14179,0.47
3883,5,12.63,19.52,14179,0.47
3883,5,12.95,13.45,14179,0.22
3883,5,13.18,23.25,14179,0.17
3883,5,13.57,11.3,14179,0.28
3883,5,13.75,19.97,14179,0.28
3883,5,14.08,17.95,14179,0.18
3883,5,14.38,26.27,14179,0.27
3883,5,14.83,5.42,14179,0.5
3883,5,14.92,21.13,14179,0.37
3883,5,15.27,19.07,14179,0.28
3883,5,15.58,16.93,14179,0.28
3883,5,15.87,13.15,14179,0.25
3883,5,16.08,28.78,14179,0.38
3883,5,16.57,14.9,14179,0.25
3883,5,16.82,21.67,14179,0.15
3883,5,17.18,15.57,14179,0.22
3883,5,17.43,17.02,14179,0.37
3883,5,17.72,16.97,14179,0.38
3883,5,18.0,10.02,14179,0.33
3883,5,18.17,14.97,14179,0.3
3883,5,18.42,20.75,14179,0.3
3883,5,18.77,25.48,14179,0.28
3883,5,19.18,20.75,14179,0.25
3883,5,19.53,19.98,14179,0.35
3883,5,19.87,21.98,14179,0.32
3883,6,6.27,20.82,14179,0.35
3883,6,6.6,25.42,14179,0.17
3883,6,7.03,16.67,14179,0.22
3883,6,7.3,16.95,14179,0.28
3883,6,7.58,21.83,14179,0.35
3883,6,7.95,24.05,14179,0.32
3883,6,8.35,20.77,14179,0.15
3883,6,8.7,21.02,14179,0.55
3883,6,9.05,25.82,14179,0.52
3883,6,9.48,16.38,14179,0.25
3883,6,9.75,16.82,14179,0.25
3883,6,10.03,47.98,14179,0.13
3883,6,10.83,21.82,14179,0.28
3883,6,11.2,34.3,14179,0.27
3883,6,11.77,21.25,14179,0.37
3883,6,12.12,17.18,14179,0.35
3883,6,12.42,22.65,14179,0.35
3883,6,12.78,16.52,14179,0.37
3883,6,13.07,28.77,14179,0.25
3883,6,13.55,19.82,14179,0.33
3883,6,13.87,17.18,14179,0.28
3883,6,14.17,26.47,14179,0.4
3883,6,14.8,28.98,14179,0.27
3883,6,15.57,8.73,14179,0.55
3883,6,15.72,14.03,14179,0.22
3883,6,15.95,27.08,14179,0.32
3883,6,16.4,17.35,14179,0.55
3883,6,16.68,25.07,14179,0.37
3883,6,17.23,22.33,14179,0.3
3883,6,17.6,17.53,14179,0.43
3883,6,17.9,35.7,14179,0.25
3883,6,18.48,38.35,14179,0.18
3883,6,19.13,18.93,14179,0.33
3883,6,19.45,19.02,14179,0.28
3883,6,20.07,,14179,0.12
3883,0,4.27,16.7,14179,0.27
3883,0,4.55,19.42,14179,1.1
3883,0,4.87,15.83,14179,0.23
3883,0,5.13,17.97,14179,0.13
3883,0,5.43,8.13,14179,0.15
3883,0,5.57,21.88,14179,0.32
3883,0,5.93,20.48,14179,0.3
3883,0,6.28,19.17,14179,0.22
3883,0,6.6,9.07,14179,0.22
3883,0,6.75,22.47,14179,0.3
3883,0,7.12,21.22,14179,0.13
3883,0,7.47,17.22,14179,0.33
3883,0,7.77,13.28,14179,0.35
3883,0,7.98,14.53,14179,0.6
3883,0,8.23,9.05,14179,0.35
3883,0,8.38,9.95,14179,0.38
3883,0,8.55,16.68,14179,0.25
3883,0,8.82,2.93,14179,0.13
3883,0,8.87,9.73,14179,0.2
3883,0,9.03,2.82,14179,0.63
3883,0,9.08,5.98,14179,0.17
3883,0,9.18,5.48,14179,0.25
3883,0,9.27,8.38,14179,0.15
3883,0,9.42,12.7,14179,0.32
3883,0,9.62,0.07,14179,3.5
3883,0,9.62,8.75,14179,0.27
3883,0,9.77,11.15,14179,0.17
3883,0,9.95,6.85,14179,0.15
3883,0,10.07,7.23,14179,0.13
3883,0,10.18,11.2,14179,0.33
3883,0,10.37,15.97,14179,0.33
3883,0,10.63,9.63,14179,2.33
3883,0,10.8,16.92,14179,0.13
3883,0,11.08,21.17,14179,0.13
3883,0,11.43,15.87,14179,0.17
3883,0,11.7,20.93,14179,0.18
3883,0,12.05,18.35,14179,0.1
3883,0,12.35,19.48,14179,0.32
3883,0,12.68,13.97,14179,0.2
3883,0,12.92,25.67,14179,0.45
3883,0,13.33,17.95,14179,0.28
3883,0,13.63,16.1,14179,0.38
3883,0,13.9,16.98,14179,0.4
3883,0,14.18,14.2,14179,0.33
3883,0,14.43,28.82,14179,0.38
3883,0,14.9,5.17,14179,0.35
3883,0,15.0,25.57,14179,0.37
3883,0,15.42,15.93,14179,0.17
3883,0,15.68,15.58,14179,0.38
3883,0,15.95,15.67,14179,0.33
3883,0,16.2,7.12,14179,0.32
3883,0,16.33,11.17,14179,0.32
3883,0,16.52,5.75,14179,0.33
3883,0,16.6,16.78,14179,0.3
3883,0,16.88,22.75,14179,0.35
3883,0,17.27,1.38,14179,0.52
3883,0,17.28,4.32,14179,0.28
3883,0,17.37,18.93,14179,4.55
3883,0,17.68,4.28,14179,0.17
3883,0,17.75,6.9,14179,3.02
3883,0,17.87,12.68,14179,6.83
3883,0,18.07,16.63,14179,0.28
3883,0,18.35,7.08,14179,0.37
3883,0,18.47,5.62,14179,0.27
3883,0,18.57,8.6,14179,0.25
3883,0,18.7,18.65,14179,5.63
3883,0,19.02,24.2,14179,0.18
3883,0,19.42,12.97,14179,0.32
3883,0,19.63,18.5,14179,0.28
3883,0,19.95,22.35,14179,0.63
3883,0,20.32,13.92,14179,0.15
3883,0,20.55,21.92,14179,6.65
3883,0,20.92,19.95,14179,0.5
3883,0,21.25,23.97,14179,0.72
3883,0,21.83,21.77,14179,0.32
3883,0,22.2,21.9,14179,0.13
3883,0,23.02,,14179,0.65
3883,1,4.27,51.43,14179,0.13
3883,1,5.13,18.02,14179,0.32
3883,1,5.43,29.88,14179,0.25
3883,1,5.92,22.2,14179,0.32
3883,1,6.3,15.32,14179,0.28
3883,1,6.55,16.77,14179,0.43
3883,1,6.83,20.97,14179,0.67
3883,1,7.18,16.78,14179,0.22
3883,1,7.45,20.22,14179,0.32
3883,1,7.8,13.93,14179,0.3
3883,1,8.03,13.07,14179,0.18
3883,1,8.25,12.65,14179,0.35
3883,1,8.45,3.95,14179,0.27
3883,1,8.52,15.75,14179,0.27
3883,1,8.78,2.98,14179,0.15
3883,1,8.83,15.4,14179,0.17
3883,1,9.08,4.32,14179,0.33
3883,1,9.17,1.53,14179,0.25
3883,1,9.18,8.18,14179,0.33
3883,1,9.32,5.68,14179,0.32
3883,1,9.42,5.92,14179,0.47
3883,1,9.52,7.32,14179,0.15
3883,1,9.63,8.23,14179,0.23
3883,1,9.78,9.53,14179,0.22
3883,1,9.93,6.02,14179,0.3
3883,1,10.03,15.33,14179,0.13
3883,1,10.28,4.7,14179,0.25
3883,1,10.37,11.27,14179,0.25
3883,1,10.55,16.67,14179,0.23
3883,1,10.83,14.92,14179,0.3
3883,1,11.08,19.08,14179,0.48
3883,1,11.4,21.88,14179,0.18
3883,1,11.77,10.65,14179,0.5
3883,1,11.95,20.33,14179,0.22
3883,1,12.28,20.1,14179,0.6
3883,1,12.62,11.58,14179,0.55
3883,1,12.82,28.02,14179,0.33
3883,1,13.28,15.7,14179,0.68
3883,1,13.53,19.08,14179,0.28
3883,1,13.85,22.53,14179,0.23
3883,1,14.23,13.68,14179,0.32
3883,1,14.47,17.32,14179,0.2
3883,1,14.75,14.43,14179,0.53
3883,1,14.98,25.03,14179,0.28
3883,1,15.4,12.9,14179,0.35
3883,1,15.62,22.97,14179,0.33
3883,1,16.0,8.35,14179,0.4
3883,1,16.15,15.68,14179,0.32
3883,1,16.4,8.4,14179,0.3
3883,1,16.55,6.95,14179,0.58
3883,1,16.67,15.7,14179,0.18
3883,1,16.92,10.3,14179,0.28
3883,1,17.1,11.22,14179,0.5
3883,1,17.28,12.5,14179,0.15
3883,1,17.48,0.07,14179,0.37
3883,1,17.48,39.5,14179,0.33
3883,1,18.15,1.5,14179,0.35
3883,1,18.17,8.22,14179,0.28
3883,1,18.32,6.43,14179,0.32
3883,1,18.42,13.8,14179,1.63
3883,1,18.65,5.5,14179,0.43
3883,1,18.73,15.57,14179,0.3
3883,1,19.0,14.35,14179,0.23
3883,1,19.23,8.65,14179,0.25
3883,1,19.38,13.13,14179,0.12
3883,1,19.6,25.68,14179,0.2
3883,1,20.03,11.4,14179,0.48
3883,1,20.22,19.97,14179,0.33
3883,1,20.55,21.13,14179,0.3
3883,1,20.9,14.22,14179,0.38
3883,1,21.15,26.98,14179,1.5
3883,1,21.6,35.25,14179,0.23
3883,1,22.63,21.37,14179,0.32
3883,2,4.27,19.98,14179,0.3
3883,2,4.6,15.28,14179,0.45
3883,2,4.85,16.25,14179,0.17
3883,2,5.12,21.37,14179,0.28
3883,2,5.48,10.0,14179,0.18
3883,2,5.65,16.95,14179,0.25
3883,2,5.93,22.35,14179,0.2
3883,2,6.3,16.35,14179,0.55
3883,2,6.57,15.0,14179,0.23
3883,2,6.82,20.22,14179,0.37
3883,2,7.15,18.97,14179,0.25
3883,2,7.47,19.72,14179,0.37
3883,2,7.8,8.9,14179,0.32
3883,2,7.95,17.17,14179,0.35
3883,2,8.23,14.37,14179,0.22
3883,2,8.48,3.52,14179,0.55
3883,2,8.53,11.73,14179,0.3
3883,2,8.73,7.83,14179,2.4
3883,2,8.87,7.65,14179,0.2
3883,2,8.98,9.82,14179,2.47
3883,2,9.15,1.05,14179,0.33
3883,2,9.17,12.98,14179,0.37
3883,2,9.38,2.82,14179,0.13
3883,2,9.43,2.9,14179,0.12
3883,2,9.48,10.0,14179,0.17
3883,2,9.65,4.32,14179,0.12
3883,2,9.72,12.68,14179,0.28
3883,2,9.93,8.1,14179,0.15
3883,2,10.07,11.4,14179,0.3
3883,2,10.25,7.1,14179,2.98
3883,2,10.37,12.68,14179,0.25
3883,2,10.58,18.77,14179,0.33
3883,2,10.9,10.45,14179,0.15
3883,2,11.07,15.55,14179,0.3
3883,2,11.33,22.6,14179,0.5
3883,2,11.72,19.87,14179,0.28
3883,2,12.03,16.22,14179,0.32
3883,2,12.32,20.87,14179,0.22
3883,2,12.65,12.47,14179,0.32
3883,2,12.87,21.4,14179,0.45
3883,2,13.22,21.28,14179,0.28
3883,2,13.58,19.57,14179,0.33
3883,2,13.9,20.07,14179,0.32
3883,2,14.23,14.22,14179,0.25
3883,2,14.47,19.8,14179,0.33
3883,2,14.8,11.85,14179,0.42
3883,2,15.0,32.07,14179,0.33
3883,2,15.53,7.55,14179,0.32
3883,2,15.67,19.88,14179,0.4
3883,2,16.0,12.58,14179,0.58
3883,2,16.2,4.25,14179,0.35
3883,2,16.27,13.35,14179,0.28
3883,2,16.5,4.8,14179,1.57
3883,2,16.58,15.87,14179,0.48
3883,2,16.83,9.87,14179,0.23
3883,2,17.0,18.58,14179,0.35
3883,2,17.32,6.72,14179,0.57
3883,2,17.43,7.48,14179,2.58
3883,2,17.55,18.5,14179,0.27
3883,2,17.87,16.92,14179,0.65
3883,2,18.15,8.2,14179,0.27
3883,2,18.28,11.32,14179,0.18
3883,2,18.47,4.2,14179,2.9
3883,2,18.53,17.13,14179,0.25
3883,2,18.82,5.55,14179,2.53
3883,2,18.92,14.93,14179,0.4
3883,2,19.17,11.22,14179,0.15
3883,2,19.35,23.8,14179,0.37
3883,2,19.97,16.75,14179,0.17
3883,2,20.25,22.1,14179,0.12
3883,2,20.62,16.57,14179,0.48
3883,2,20.88,18.92,14179,0.38
3883,2,21.2,22.45,14179,0.35
3883,2,21.58,17.72,14179,0.22
3883,2,21.87,64.32,14179,0.28
3883,3,4.25,23.47,14179,0.1
3883,3,4.63,13.42,14179,0.27
3883,3,4.87,15.48,14179,0.15
3883,3,5.12,16.85,14179,0.25
3883,3,5.4,8.7,14179,0.18
3883,3,5.55,36.07,14179,0.15
3883,3,6.25,18.37,14179,0.43
3883,3,6.55,16.08,14179,0.27
3883,3,6.82,21.58,14179,0.28
3883,3,7.18,15.95,14179,0.15
3883,3,7.45,25.05,14179,0.53
3883,3,7.87,11.4,14179,0.15
3883,3,8.05,12.45,14179,0.27
3883,3,8.27,20.48,14179,0.55
3883,3,8.6,0.8,14179,0.18
3883,3,8.62,8.93,14179,0.13
3883,3,8.77,4.25,14179,0.15
3883,3,8.83,8.45,14179,0.33
3883,3,8.98,11.27,14179,0.17
3883,3,9.17,1.35,14179,0.15
3883,3,9.18,8.53,14179,0.3
3883,3,9.33,5.62,14179,0.12
3883,3,9.42,5.48,14179,0.25
3883,3,9.52,3.12,14179,0.17
3883,3,9.57,12.8,14179,0.18
3883,3,9.78,15.35,14179,0.17
3883,3,10.03,8.87,14179,0.23
3883,3,10.18,8.25,14179,0.2
3883,3,10.32,4.57,14179,0.47
3883,3,10.4,9.32,14179,0.18
3883,3,10.55,20.13,14179,0.28
3883,3,10.88,13.93,14179,0.25
3883,3,11.12,12.15,14179,0.33
3883,3,11.32,28.75,14179,0.33
3883,3,11.8,17.15,14179,0.35
3883,3,12.08,19.75,14179,0.22
3883,3,12.42,9.5,14179,0.28
3883,3,12.57,19.78,14179,0.3
3883,3,12.9,19.95,14179,0.3
3883,3,13.23,23.93,14179,0.43
3883,3,13.63,15.5,14179,0.37
3883,3,13.9,19.18,14179,0.47
3883,3,14.22,13.6,14179,0.15
3883,3,14.43,24.67,14179,0.28
3883,3,14.85,8.12,14179,0.3
3883,3,14.98,22.73,14179,0.3
3883,3,15.37,18.07,14179,0.3
3883,3,15.67,18.7,14179,0.32
3883,3,15.98,10.0,14179,0.65
3883,3,16.15,17.12,14179,0.57
3883,3,16.43,9.93,14179,0.3
3883,3,16.6,1.17,14179,0.53
3883,3,16.62,10.05,14179,0.35
3883,3,16.78,19.98,14179,0.35
3883,3,17.12,14.32,14179,0.53
3883,3,17.35,8.58,14179,0.38
3883,3,17.5,8.3,14179,0.42
3883,3,17.63,5.8,14179,0.28
3883,3,17.73,13.98,14179,2.47
3883,3,17.97,19.75,14179,0.62
3883,3,18.42,5.72,14179,0.2
3883,3,18.5,15.23,14179,0.2
3883,3,18.75,0.38,14179,0.18
3883,3,18.77,15.63,14179,0.35
3883,3,19.03,13.68,14179,0.42
3883,3,19.25,10.78,14179,0.33
3883,3,19.43,10.18,14179,0.3
3883,3,19.6,28.47,14179,1.28
3883,3,20.08,9.2,14179,0.6
3883,3,20.23,17.12,14179,0.12
3883,3,20.52,23.97,14179,0.22
3883,3,20.92,24.82,14179,0.33
3883,3,21.53,19.95,14179,0.58
3883,3,22.65,18.15,14179,0.2
3883,3,22.95,,14179,0.28
3883,4,4.27,18.63,14179,0.15
3883,4,4.57,18.05,14179,0.43
3883,4,4.87,16.95,14179,0.15
3883,4,5.15,14.27,14179,0.17
3883,4,5.4,10.08,14179,0.08
3883,4,5.57,20.45,14179,0.13
3883,4,5.9,20.97,14179,0.37
3883,4,6.25,22.0,14179,0.25
3883,4,6.62,11.92,14179,0.35
3883,4,6.82,19.72,14179,0.37
3883,4,7.15,18.42,14179,0.25
3883,4,7.45,14.23,14179,0.33
3883,4,7.68,23.77,14179,0.37
3883,4,8.08,13.08,14179,0.27
3883,4,8.3,3.93,14179,0.35
3883,4,8.37,13.13,14179,0.32
3883,4,8.58,9.7,14179,0.32
3883,4,8.75,5.83,14179,0.32
3883,4,8.85,6.88,14179,0.17
3883,4,8.97,17.13,14179,0.18
3883,4,9.25,4.18,14179,0.15
3883,4,9.32,5.88,14179,0.27
3883,4,9.42,9.82,14179,0.4
3883,4,9.58,11.05,14179,0.15
3883,4,9.77,0.4,14179,0.15
3883,4,10.12,1.45,14179,0.27
3883,4,10.15,11.28,14179,0.2
3883,4,10.33,17.17,14179,0.17
3883,4,10.62,31.2,14179,2.38
3883,4,11.13,14.98,14179,0.3
3883,4,11.38,22.25,14179,0.18
3883,4,11.77,20.43,14179,0.48
3883,4,12.1,11.17,14179,0.23
3883,4,12.28,23.83,14179,0.28
3883,4,12.68,11.63,14179,0.45
3883,4,12.88,27.7,14179,0.17
3883,4,13.33,14.32,14179,0.15
3883,4,13.58,26.83,14179,0.25
3883,4,14.25,13.72,14179,0.47
3883,4,14.47,27.2,14179,0.32
3883,4,14.93,31.4,14179,0.4
3883,4,15.45,1.42,14179,0.33
3883,4,15.47,19.45,14179,0.27
3883,4,15.8,14.42,14179,0.23
3883,4,16.03,24.08,14179,0.3
3883,4,16.43,2.87,14179,0.33
3883,4,16.48,12.7,14179,0.25
3883,4,16.7,1.43,14179,0.33
3883,4,16.72,22.53,14179,0.27
3883,4,17.12,24.18,14179,0.28
3883,4,17.52,0.45,14179,0.27
3883,4,17.7,8.18,14179,0.32
3883,4,17.83,24.07,14179,0.28
3883,4,18.23,0.2,14179,0.3
3883,4,18.23,25.67,14179,0.28
3883,4,18.67,2.58,14179,0.58
3883,4,18.7,7.32,14179,0.17
3883,4,18.83,16.73,14179,1.82
3883,4,19.42,6.0,14179,14.9
3883,4,19.78,20.58,14179,0.17
3883,4,20.12,13.83,14179,0.27
3883,4,20.35,11.1,14179,0.4
3883,4,20.53,35.68,14179,0.27
3883,4,21.13,7.15,14179,0.4
3883,4,21.25,25.45,14179,0.28
3883,4,22.3,20.95,14179,0.15
3883,4,22.65,19.23,14179,0.62
3883,5,5.28,19.58,14179,0.2
3883,5,5.62,25.02,14179,0.18
3883,5,6.03,29.75,14179,0.28
3883,5,6.53,21.2,14179,0.75
3883,5,6.88,25.25,14179,0.32
3883,5,7.3,19.57,14179,0.33
3883,5,7.63,24.7,14179,0.17
3883,5,8.03,17.5,14179,0.17
3883,5,8.33,15.02,14179,0.33
3883,5,8.58,24.23,14179,0.3
3883,5,8.98,20.62,14179,0.27
3883,5,9.33,27.52,14179,0.28
3883,5,9.78,15.73,14179,0.25
3883,5,10.05,15.95,14179,0.32
3883,5,10.32,19.28,14179,0.32
3883,5,10.63,22.83,14179,0.3
3883,5,11.02,18.65,14179,0.35
3883,5,11.33,24.75,14179,0.48
3883,5,11.73,16.35,14179,0.27
3883,5,12.02,16.67,14179,0.38
3883,5,12.28,30.7,14179,0.58
3883,5,12.8,10.07,14179,0.3
3883,5,12.97,28.55,14179,0.28
3883,5,13.52,16.85,14179,0.32
3883,5,13.8,25.33,14179,0.35
3883,5,14.22,18.8,14179,0.18
3883,5,14.53,14.23,14179,0.57
3883,5,14.77,22.63,14179,0.2
3883,5,15.15,5.38,14179,0.33
3883,5,15.23,25.53,14179,0.48
3883,5,15.67,16.22,14179,0.37
3883,5,15.93,20.27,14179,0.25
3883,5,16.27,17.52,14179,0.23
3883,5,16.57,18.77,14179,0.42
3883,5,16.88,10.65,14179,0.17
3883,5,17.05,19.85,14179,0.3
3883,5,17.38,18.5,14179,0.33
3883,5,17.7,16.83,14179,0.67
3883,5,17.97,12.57,14179,0.48
3883,5,18.18,15.25,14179,0.3
3883,5,18.43,22.03,14179,0.28
3883,5,18.8,18.0,14179,0.23
3883,5,19.1,31.48,14179,0.28
3883,5,20.22,,14179,0.33
3883,6,6.27,38.95,14179,0.18
3883,6,6.92,23.32,14179,0.35
3883,6,7.3,17.88,14179,0.7
3883,6,7.6,19.58,14179,0.13
3883,6,7.92,20.48,14179,0.25
3883,6,8.27,22.23,14179,0.52
3883,6,8.63,23.27,14179,0.22
3883,6,9.02,21.83,14179,0.27
3883,6,9.38,21.27,14179,0.18
3883,6,9.73,25.98,14179,0.18
3883,6,10.17,15.33,14179,0.32
3883,6,10.43,25.42,14179,0.15
3883,6,10.85,16.33,14179,0.3
3883,6,11.12,13.52,14179,0.25
3883,6,11.35,27.17,14179,0.13
3883,6,11.8,23.07,14179,0.43
3883,6,12.18,14.15,14179,0.27
3883,6,12.42,19.78,14179,0.27
3883,6,12.75,11.47,14179,0.3
3883,6,12.95,15.63,14179,0.15
3883,6,13.2,41.05,14179,0.28
3883,6,13.88,27.65,14179,0.33
3883,6,14.55,17.62,14179,0.8
3883,6,14.83,17.17,14179,0.27
3883,6,15.12,25.68,14179,0.23
3883,6,15.55,13.58,14179,0.27
3883,6,15.78,18.28,14179,0.43
3883,6,16.08,15.2,14179,0.4
3883,6,16.33,20.18,14179,0.33
3883,6,16.67,24.03,14179,0.27
3883,6,17.07,11.25,14179,0.27
3883,6,17.27,12.98,14179,0.5
3883,6,17.48,30.52,14179,0.52
3883,6,17.98,9.32,14179,0.25
3883,6,18.13,12.05,14179,4.08
3883,6,18.35,28.67,14179,0.82
3883,6,18.82,15.37,14179,0.33
3883,6,19.08,34.33,14179,0.28
3883,6,19.73,18.82,14179,0.3
3883,0,4.88,14.95,14179,0.22
3883,0,5.12,21.25,14179,0.25
3883,0,5.48,4.1,14179,0.13
3883,0,5.55,22.17,14179,0.12
3883,0,5.92,21.18,14179,0.35
3883,0,6.27,17.83,14179,0.32
3883,0,6.57,16.3,14179,0.13
3883,0,6.83,16.47,14179,0.47
3883,0,7.12,20.2,14179,0.15
3883,0,7.45,23.48,14179,0.33
3883,0,7.83,7.6,14179,0.35
3883,0,7.97,18.25,14179,0.35
3883,0,8.27,18.42,14179,0.27
3883,0,8.58,7.12,14179,0.15
3883,0,8.7,15.18,14179,0.17
3883,0,8.95,1.8,14179,0.25
3883,0,8.98,6.9,14179,0.17
3883,0,9.1,7.18,14179,0.22
3883,0,9.22,7.25,14179,0.17
3883,0,9.33,4.17,14179,0.27
3883,0,9.4,8.12,14179,0.27
3883,0,9.53,3.47,14179,0.22
3883,0,9.6,12.22,14179,0.4
3883,0,9.8,8.53,14179,0.22
3883,0,9.95,5.48,14179,2.62
3883,0,10.03,20.32,14179,0.23
3883,0,10.37,16.53,14179,2.87
3883,0,10.65,11.47,14179,0.47
3883,0,10.83,14.8,14179,0.25
3883,0,11.08,17.08,14179,0.27
3883,0,11.37,19.87,14179,0.28
3883,0,11.7,18.7,14179,0.3
3883,0,12.02,22.28,14179,0.13
3883,0,12.38,15.28,14179,0.28
3883,0,12.63,17.17,14179,0.33
3883,0,12.93,18.45,14179,0.67
3883,0,13.23,25.35,14179,0.3
3883,0,13.65,10.75,14179,0.3
3883,0,13.83,18.97,14179,0.27
3883,0,14.15,19.3,14179,0.25
3883,0,14.47,17.9,14179,0.2
3883,0,14.77,14.08,14179,0.32
3883,0,15.0,25.88,14179,0.22
3883,0,15.43,16.58,14179,0.37
3883,0,15.72,21.43,14179,0.48
3883,0,16.07,8.77,14179,0.28
3883,0,16.22,15.37,14179,0.3
3883,0,16.47,1.48,14179,0.43
3883,0,16.5,7.2,14179,0.23
3883,0,16.62,17.07,14179,0.33
3883,0,16.9,25.65,14179,0.4
3883,0,17.33,1.55,14179,0.4
3883,0,17.35,9.85,14179,0.22
3883,0,17.52,8.52,14179,0.32
3883,0,17.67,5.43,14179,0.43
3883,0,17.75,9.93,14179,0.47
3883,0,17.92,14.15,14179,0.25
3883,0,18.15,9.87,14179,0.23
3883,0,18.32,7.62,14179,0.25
3883,0,18.45,11.22,14179,0.48
3883,0,18.63,8.02,14179,0.32
3883,0,18.77,19.98,14179,0.4
3883,0,19.1,15.8,14179,0.33
3883,0,19.37,0.25,14179,0.13
3883,0,19.37,15.23,14179,0.2
3883,0,19.62,22.1,14179,3.65
3883,0,19.98,21.13,14179,0.27
3883,0,20.35,13.35,14179,0.58
3883,0,20.57,20.45,14179,0.22
3883,0,20.9,20.17,14179,0.28
3883,0,21.25,16.33,14179,0.33
3883,0,21.52,20.35,14179,0.17
3883,0,22.58,21.77,14179,0.33
3883,1,4.27,19.88,14179,0.13
3883,1,4.6,32.28,14179,0.1
3883,1,5.13,19.83,14179,0.2
3883,1,5.47,6.33,14179,0.15
3883,1,5.57,20.97,14179,0.33
3883,1,5.92,20.07,14179,0.22
3883,1,6.25,15.97,14179,0.25
3883,1,6.52,20.02,14179,0.3
3883,1,6.85,17.8,14179,0.38
3883,1,7.15,18.43,14179,0.17
3883,1,7.45,18.53,14179,0.32
3883,1,7.77,17.15,14179,0.25
3883,1,8.05,5.37,14179,0.2
3883,1,8.13,19.92,14179,0.3
3883,1,8.47,4.1,14179,0.37
3883,1,8.53,9.83,14179,0.37
3883,1,8.7,7.22,14179,0.28
3883,1,8.82,15.43,14179,0.22
3883,1,9.08,0.08,14179,0.3
3883,1,9.08,4.28,14179,0.15
3883,1,9.15,6.83,14179,2.88
3883,1,9.27,10.08,14179,0.12
3883,1,9.43,7.23,14179,0.35
3883,1,9.55,5.58,14179,0.27
3883,1,9.65,8.73,14179,0.17
3883,1,9.8,6.85,14179,0.18
3883,1,9.92,8.95,14179,0.58
3883,1,10.07,18.1,14179,0.22
3883,1,10.37,1.05,14179,0.17
3883,1,10.38,8.5,14179,0.15
3883,1,10.52,17.27,14179,0.32
3883,1,10.8,11.08,14179,0.18
3883,1,11.0,26.05,14179,0.4
3883,1,11.43,22.95,14179,2.77
3883,1,11.82,9.88,14179,0.27
3883,1,11.97,24.62,14179,0.22
3883,1,12.38,10.72,14179,0.33
3883,1,12.57,23.98,14179,0.4
3883,1,12.97,18.53,14179,0.45
3883,1,13.27,23.88,14179,0.32
3883,1,13.67,13.22,14179,0.38
3883,1,13.88,29.32,14179,0.28
3883,1,14.38,0.75,14179,0.2
3883,1,14.38,18.18,14179,0.23
3883,1,14.7,19.63,14179,0.57
3883,1,15.02,21.2,14179,0.33
3883,1,15.37,30.32,14179,0.28
3883,1,15.88,0.22,14179,1.28
3883,1,15.88,13.63,14179,0.73
3883,1,16.12,11.57,14179,0.62
3883,1,16.3,9.93,14179,0.33
3883,1,16.47,14.03,14179,0.32
3883,1,16.7,14.25,14179,0.38
3883,1,16.93,7.22,14179,0.28
3883,1,17.07,6.75,14179,0.65
3883,1,17.17,20.05,14179,0.27
3883,1,17.5,2.7,14179,0.73
3883,1,17.55,14.08,14179,0.35
3883,1,17.78,7.32,14179,0.32
3883,1,17.92,11.28,14179,0.62
3883,1,18.1,16.9,14179,0.45
3883,1,18.38,4.13,14179,0.53
3883,1,18.45,16.83,14179,4.32
3883,1,18.73,11.67,14179,0.2
3883,1,18.92,10.95,14179,0.27
3883,1,19.1,9.07,14179,0.77
3883,1,19.25,15.77,14179,0.23
3883,1,19.52,10.07,14179,0.27
3883,1,19.68,18.78,14179,0.2
3883,1,20.0,18.13,14179,0.35
3883,1,20.3,14.03,14179,0.35
3883,1,20.53,21.47,14179,0.27
3883,1,20.9,24.82,14179,0.53
3883,1,21.3,14.75,14179,1.07
3883,1,21.55,64.07,14179,0.3
3883,1,22.62,22.32,14179,0.25
3883,1,23.0,,14179,0.77
3883,2,4.25,19.83,14179,0.2
3883,2,4.58,32.88,14179,0.17
3883,2,5.13,21.28,14179,0.27
3883,2,5.48,3.92,14179,0.15
3883,2,5.55,23.75,14179,0.15
3883,2,5.95,19.77,14179,0.25
3883,2,6.27,19.72,14179,0.27
3883,2,6.6,16.57,14179,0.28
3883,2,6.88,14.18,14179,0.13
3883,2,7.12,40.0,14179,0.15
3883,2,7.78,12.18,14179,0.42
3883,2,7.98,10.17,14179,0.23
3883,2,8.15,22.62,14179,0.25
3883,2,8.53,1.22,14179,0.2
3883,2,8.55,17.22,14179,0.25
3883,2,8.83,1.57,14179,0.35
3883,2,8.87,16.97,14179,0.2
3883,2,9.15,6.9,14179,0.15
3883,2,9.27,2.67,14179,0.12
3883,2,9.3,10.43,14179,0.23
3883,2,9.48,12.08,14179,0.18
3883,2,9.68,7.27,14179,0.17
3883,2,9.8,5.93,14179,0.35
3883,2,9.9,9.45,14179,2.52
3883,2,10.05,18.47,14179,0.22
3883,2,10.37,0.23,14179,0.12
3883,2,10.37,28.5,14179,0.4
3883,2,10.85,12.73,14179,0.15
3883,2,11.05,19.53,14179,0.27
3883,2,11.38,25.1,14179,0.28
3883,2,11.8,14.15,14179,0.48
3883,2,12.03,15.58,14179,0.27
3883,2,12.3,22.5,14179,0.47
3883,2,12.67,10.95,14179,0.28
3883,2,12.85,26.58,14179,0.32
3883,2,13.3,24.73,14179,0.18
3883,2,13.7,11.2,14179,0.75
3883,2,13.9,26.42,14179,0.77
3883,2,14.33,2.12,14179,0.2
3883,2,14.37,17.88,14179,0.33
3883,2,14.67,26.13,14179,0.28
3883,2,15.1,27.22,14179,0.3
3883,2,15.55,18.62,14179,0.33
3883,2,15.87,2.65,14179,0.63
3883,2,15.92,22.7,14179,0.65
3883,2,16.28,3.82,14179,0.35
3883,2,16.35,10.33,14179,0.3
3883,2,16.53,5.42,14179,0.53
3883,2,16.62,21.4,14179,0.32
3883,2,16.97,0.27,14179,0.28
3883,2,16.98,16.82,14179,1.8
3883,2,17.25,9.83,14179,0.22
3883,2,17.42,9.97,14179,0.22
3883,2,17.58,12.9,14179,0.35
3883,2,17.8,22.27,14179,0.28
3883,2,18.17,2.75,14179,0.27
3883,2,18.22,14.23,14179,0.32
3883,2,18.45,4.37,14179,0.25
3883,2,18.53,14.1,14179,0.28
3883,2,18.77,23.32,14179,0.28
3883,2,19.15,26.98,14179,0.3
3883,2,19.6,2.95,14179,0.27
3883,2,19.65,19.5,14179,0.28
3883,2,19.98,17.02,14179,0.15
3883,2,20.27,20.45,14179,5.77
3883,2,20.6,19.0,14179,0.35
3883,2,20.92,25.85,14179,0.32
3883,2,21.35,10.47,14179,0.18
3883,2,21.52,15.62,14179,0.22
3883,2,21.78,49.1,14179,0.23
3883,2,22.6,19.7,14179,0.28
3883,3,4.27,18.23,14179,0.12
3883,3,4.57,19.78,14179,0.17
3883,3,4.9,15.13,14179,0.12
3883,3,5.15,14.82,14179,0.28
3883,3,5.4,10.42,14179,0.1
3883,3,5.57,20.12,14179,0.27
3883,3,5.9,20.55,14179,0.3
3883,3,6.25,20.18,14179,0.13
3883,3,6.58,13.78,14179,0.42
3883,3,6.82,20.07,14179,0.13
3883,3,7.15,18.33,14179,0.25
3883,3,7.45,19.82,14179,0.37
3883,3,7.78,11.27,14179,0.3
3883,3,7.97,14.05,14179,0.18
3883,3,8.2,14.32,14179,0.2
3883,3,8.45,5.57,14179,0.15
3883,3,8.53,15.8,14179,0.32
3883,3,8.8,1.55,14179,0.4
3883,3,8.83,7.07,14179,0.17
3883,3,8.95,8.42,14179,2.48
3883,3,9.08,8.57,14179,0.22
3883,3,9.23,4.05,14179,0.15
3883,3,9.3,7.37,14179,0.22
3883,3,9.42,3.95,14179,0.33
3883,3,9.48,6.85,14179,0.23
3883,3,9.82,6.08,14179,0.15
3883,3,9.92,12.23,14179,0.3
3883,3,10.12,12.72,14179,0.28
3883,3,10.38,10.17,14179,0.18
3883,3,10.55,17.0,14179,0.15
3883,3,10.83,14.33,14179,0.13
3883,3,11.07,17.85,14179,0.32
3883,3,11.37,20.68,14179,0.3
3883,3,11.72,17.65,14179,0.3
3883,3,12.0,16.35,14179,0.3
3883,3,12.28,23.78,14179,0.45
3883,3,12.67,12.72,14179,0.77
3883,3,12.88,23.72,14179,0.35
3883,3,13.28,23.42,14179,0.47
3883,3,13.67,13.73,14179,0.63
3883,3,13.9,15.23,14179,0.28
3883,3,14.15,21.27,14179,0.3
3883,3,14.52,11.27,14179,0.08
3883,3,14.7,17.15,14179,0.43
3883,3,14.98,26.12,14179,0.27
3883,3,15.42,18.52,14179,0.3
3883,3,15.73,14.47,14179,0.13
3883,3,15.97,14.45,14179,0.32
3883,3,16.22,8.32,14179,0.43
3883,3,16.35,5.58,14179,0.28
3883,3,16.43,11.5,14179,0.43
3883,3,16.63,7.02,14179,0.38
3883,3,16.75,15.57,14179,0.32
3883,3,17.02,16.92,14179,0.7
3883,3,17.28,11.5,14179,0.62
3883,3,17.48,8.4,14179,0.38
3883,3,17.62,9.97,14179,0.23
3883,3,17.78,8.58,14179,0.25
3883,3,17.93,7.1,14179,0.28
3883,3,18.05,15.35,14179,0.65
3883,3,18.3,8.38,14179,0.25
3883,3,18.45,5.73,14179,0.65
3883,3,18.53,11.6,14179,0.25
3883,3,18.73,14.08,14179,0.42
3883,3,18.97,13.07,14179,0.3
3883,3,19.18,19.63,14179,0.22
3883,3,19.52,6.15,14179,0.27
3883,3,19.62,21.17,14179,0.23
3883,3,19.97,12.92,14179,0.33
3883,3,20.18,24.98,14179,0.25
3883,3,20.6,20.2,14179,0.27
3883,3,20.93,18.78,14179,0.63
3883,3,21.25,21.3,14179,0.38
3883,3,21.6,19.2,14179,0.2
3883,3,21.93,20.32,14179,0.15
3883,3,22.62,20.62,14179,0.22
3883,4,4.27,18.67,14179,0.1
3883,4,4.58,16.53,14179,0.4
3883,4,4.87,17.07,14179,0.17
3883,4,5.15,27.63,14179,0.15
3883,4,5.6,18.55,14179,0.25
3883,4,5.92,21.33,14179,0.37
3883,4,6.27,19.7,14179,0.33
3883,4,6.6,17.9,14179,0.3
3883,4,6.9,18.73,14179,0.25
3883,4,7.22,14.3,14179,0.2
3883,4,7.45,15.02,14179,0.3
3883,4,7.7,19.0,14179,0.25
3883,4,8.02,13.85,14179,0.25
3883,4,8.25,10.03,14179,0.18
3883,4,8.42,9.93,14179,0.22
3883,4,8.58,19.85,14179,0.15
3883,4,8.92,1.15,14179,0.13
3883,4,8.93,12.9,14179,0.17
3883,4,9.15,2.72,14179,0.18
3883,4,9.18,5.5,14179,2.72
3883,4,9.28,7.4,14179,0.23
3883,4,9.4,5.77,14179,3.07
3883,4,9.5,10.12,14179,0.33
3883,4,9.67,6.72,14179,2.52
3883,4,9.78,19.75,14179,0.13
3883,4,10.12,2.65,14179,0.17
3883,4,10.15,4.5,14179,0.18
3883,4,10.23,32.4,14179,0.4
3883,4,10.77,5.8,14179,0.3
3883,4,10.87,16.77,14179,0.28
3883,4,11.15,16.97,14179,0.18
3883,4,11.43,16.5,14179,3.65
3883,4,11.7,32.58,14179,0.27
3883,4,12.25,6.78,14179,0.25
3883,4,12.37,17.1,14179,0.68
3883,4,12.65,20.62,14179,0.77
3883,4,12.98,22.07,14179,0.32
3883,4,13.35,18.97,14179,0.32
3883,4,13.67,26.63,14179,0.28
3883,4,14.2,18.27,14179,0.18
3883,4,14.52,18.68,14179,0.63
3883,4,14.82,17.02,14179,0.33
3883,4,15.1,22.8,14179,0.33
3883,4,15.48,19.72,14179,0.35
3883,4,15.82,14.78,14179,0.22
3883,4,16.07,6.6,14179,0.28
3883,4,16.17,20.0,14179,0.3
3883,4,16.5,5.73,14179,0.4
3883,4,16.6,5.3,14179,0.27
3883,4,16.68,20.02,14179,0.18
3883,4,17.02,7.3,14179,0.33
3883,4,17.13,2.78,14179,0.47
3883,4,17.18,15.37,14179,0.22
3883,4,17.45,21.08,14179,2.75
3883,4,17.8,0.32,14179,0.18
3883,4,17.8,14.55,14179,0.3
3883,4,18.05,8.23,14179,0.38
3883,4,18.18,9.65,14179,0.23
3883,4,18.33,9.77,14179,0.25
3883,4,18.5,5.83,14179,0.27
3883,4,18.6,7.27,14179,0.22
3883,4,18.72,16.97,14179,0.23
3883,4,19.0,16.87,14179,0.28
3883,4,19.28,5.92,14179,0.37
3883,4,19.38,19.8,14179,0.28
3883,4,19.72,18.13,14179,0.33
3883,4,20.02,12.05,14179,0.48
3883,4,20.22,24.25,14179,0.33
3883,4,20.62,20.18,14179,0.27
3883,4,20.95,21.05,14179,0.55
3883,4,21.32,18.4,14179,0.55
3883,4,21.62,33.32,14179,0.32
3883,4,22.17,27.57,14179,0.23
3883,4,22.63,24.17,14179,0.32
3883,5,5.35,18.58,14179,0.13
3883,5,5.65,19.75,14179,0.18
3883,5,5.98,19.75,14179,0.23
3883,5,6.32,15.22,14179,0.18
3883,5,6.57,19.68,14179,0.32
3883,5,6.9,22.3,14179,0.32
3883,5,7.27,20.98,14179,0.35
3883,5,7.62,22.73,14179,0.2
3883,5,8.0,18.53,14179,0.13
3883,5,8.3,18.42,14179,0.28
3883,5,8.62,23.12,14179,0.17
3883,5,9.0,18.28,14179,0.35
3883,5,9.3,23.03,14179,0.4
3883,5,9.68,16.87,14179,0.37
3883,5,9.97,20.18,14179,0.27
3883,5,10.3,23.58,14179,2.95
3883,5,10.7,28.65,14179,0.35
3883,5,11.17,11.62,14179,0.37
3883,5,11.37,22.32,14179,0.48
3883,5,11.73,11.85,14179,0.27
3883,5,11.93,20.28,14179,0.25
3883,5,12.27,25.95,14179,0.62
3883,5,12.7,15.43,14179,0.75
3883,5,12.97,24.4,14179,0.32
3883,5,13.37,14.0,14179,0.78
3883,5,13.6,11.38,14179,0.22
3883,5,13.8,16.72,14179,0.4
3883,5,14.07,27.2,14179,0.58
3883,5,14.52,21.12,14179,0.33
3883,5,14.88,21.48,14179,0.35
3883,5,15.23,15.4,14179,0.4
3883,5,15.48,12.17,14179,0.52
3883,5,15.7,48.57,14179,0.18
3883,5,16.5,3.4,14179,0.28
3883,5,16.57,16.63,14179,0.42
3883,5,16.83,16.98,14179,0.27
3883,5,17.12,9.85,14179,0.77
3883,5,17.28,28.28,14179,0.28
3883,5,17.75,10.58,14179,0.77
3883,5,17.93,10.42,14179,0.28
3883,5,18.1,20.0,14179,0.63
3883,5,18.43,20.68,14179,0.52
3883,5,18.78,27.7,14179,0.33
3883,5,19.9,20.15,14179,0.25
3883,5,20.23,,14179,0.25
3883,6,6.25,48.5,14179,0.2
3883,6,7.07,15.22,14179,0.17
3883,6,7.57,26.58,14179,0.33
3883,6,8.02,14.68,14179,0.13
3883,6,8.27,24.32,14179,0.2
3883,6,8.67,23.2,14179,0.3
3883,6,9.05,17.63,14179,0.28
3883,6,9.35,26.75,14179,0.65
3883,6,9.78,20.08,14179,0.25
3883,6,10.13,29.03,14179,0.75
3883,6,10.62,10.7,14179,0.22
3883,6,10.78,18.47,14179,0.27
3883,6,11.1,24.48,14179,0.45
3883,6,11.5,17.15,14179,0.35
3883,6,11.78,19.22,14179,0.23
3883,6,12.12,18.63,14179,0.62
3883,6,12.42,15.23,14179,0.32
3883,6,12.67,18.6,14179,0.32
3883,6,12.98,18.85,14179,0.32
3883,6,13.3,36.62,14179,0.18
3883,6,13.9,16.83,14179,0.33
3883,6,14.18,17.97,14179,0.23
3883,6,14.48,29.97,14179,0.3
3883,6,14.98,7.83,14179,0.33
3883,6,15.12,18.42,14179,0.3
3883,6,15.43,15.98,14179,0.32
3883,6,15.68,22.45,14179,0.28
3883,6,16.07,14.78,14179,0.15
3883,6,16.32,21.38,14179,3.83
3883,6,16.67,16.07,14179,0.35
3883,6,16.93,8.72,14179,0.25
3883,6,17.08,25.32,14179,0.13
3883,6,17.5,22.28,14179,0.2
3883,6,17.87,16.75,14179,0.23
3883,6,18.15,24.02,14179,0.3
3883,6,18.55,13.6,14179,0.3
3883,6,18.78,16.23,14179,0.13
3883,6,19.05,22.63,14179,0.38
3883,6,19.7,24.12,14179,0.32
3883,6,20.1,,14179,0.33
3883,0,4.62,15.8,14179,0.22
3883,0,4.88,16.6,14179,0.15
3883,0,5.15,15.05,14179,0.25
3883,0,5.4,14.1,14179,0.32
3883,0,5.65,16.58,14179,0.77
3883,0,5.92,22.15,14179,0.27
3883,0,6.28,18.97,14179,0.27
3883,0,6.6,15.63,14179,0.2
3883,0,6.87,15.93,14179,0.23
3883,0,7.13,19.83,14179,0.18
3883,0,7.47,21.4,14179,0.17
3883,0,7.82,10.27,14179,0.38
3883,0,7.98,13.88,14179,0.7
3883,0,8.22,9.75,14179,0.32
3883,0,8.38,8.15,14179,0.18
3883,0,8.52,14.13,14179,0.3
3883,0,8.75,9.05,14179,0.3
3883,0,8.9,1.1,14179,3.93
3883,0,8.92,14.4,14179,0.23
3883,0,9.17,2.65,14179,0.18
3883,0,9.2,5.67,14179,1.53
3883,0,9.3,9.97,14179,0.17
3883,0,9.47,2.77,14179,1.52
3883,0,9.52,7.07,14179,0.15
3883,0,9.63,8.55,14179,0.15
3883,0,9.77,15.35,14179,0.28
3883,0,10.03,1.65,14179,0.32
3883,0,10.05,11.27,14179,0.35
3883,0,10.25,11.68,14179,0.17
3883,0,10.43,9.55,14179,0.35
3883,0,10.6,10.15,14179,0.15
3883,0,10.77,26.0,14179,1.3
3883,0,11.2,10.32,14179,0.37
3883,0,11.37,24.32,14179,0.23
3883,0,11.78,13.32,14179,0.17
3883,0,12.0,20.63,14179,0.3
3883,0,12.35,13.77,14179,0.13
3883,0,12.57,25.68,14179,1.87
3883,0,13.0,11.0,14179,0.32
3883,0,13.18,25.98,14179,0.28
3883,0,13.62,15.0,14179,0.3
3883,0,13.87,16.98,14179,0.32
3883,0,14.15,21.38,14179,0.28
3883,0,14.52,15.37,14179,0.63
3883,0,14.77,15.78,14179,0.53
3883,0,15.03,21.33,14179,0.42
3883,0,15.38,21.47,14179,0.28
3883,0,15.73,15.55,14179,0.9
3883,0,16.0,8.82,14179,0.33
3883,0,16.15,9.65,14179,0.57
3883,0,16.3,15.68,14179,0.57
3883,0,16.57,5.13,14179,0.32
3883,0,16.65,14.38,14179,0.33
3883,0,16.9,17.02,14179,0.18
3883,0,17.18,3.05,14179,0.62
3883,0,17.23,15.5,14179,0.33
3883,0,17.48,5.85,14179,0.37
3883,0,17.58,39.47,14179,0.28
3883,0,18.25,11.27,14179,0.32
3883,0,18.43,2.67,14179,0.2
3883,0,18.48,7.42,14179,0.25
3883,0,18.6,9.6,14179,0.3
3883,0,18.77,11.5,14179,0.27
3883,0,18.95,13.0,14179,0.38
3883,0,19.17,14.27,14179,0.27
3883,0,19.4,12.68,14179,0.2
3883,0,19.62,20.25,14179,0.23
3883,0,19.95,22.17,14179,0.35
3883,0,20.32,15.05,14179,0.18
3883,0,20.57,17.92,14179,0.27
3883,0,20.87,21.63,14179,0.28
3883,0,21.23,19.0,14179,0.42
3883,0,21.55,22.1,14179,0.27
3883,0,22.62,,14179,0.17
3883,1,4.57,18.2,14179,0.23
3883,1,4.87,15.93,14179,0.43
3883,1,5.13,20.35,14179,0.23
3883,1,5.48,14.27,14179,0.13
3883,1,5.87,25.9,14179,0.4
3883,1,6.3,15.1,14179,0.3
3883,1,6.55,17.18,14179,0.38
3883,1,6.83,16.78,14179,0.33
3883,1,7.12,20.98,14179,0.28
3883,1,7.47,16.07,14179,0.22
3883,1,7.73,19.78,14179,0.23
3883,1,8.07,9.97,14179,0.17
3883,1,8.23,16.98,14179,0.17
3883,1,8.52,2.38,14179,0.18
3883,1,8.55,12.87,14179,0.27
3883,1,8.77,4.53,14179,0.45
3883,1,8.85,16.45,14179,0.2
3883,1,9.12,1.68,14179,0.35
3883,1,9.15,5.43,14179,0.15
3883,1,9.23,3.02,14179,0.28
3883,1,9.28,7.17,14179,0.08
3883,1,9.4,11.45,14179,0.32
3883,1,9.6,2.57,14179,0.17
3883,1,9.63,15.78,14179,0.3
3883,1,9.9,0.07,14179,0.25
3883,1,9.9,8.35,14179,0.25
3883,1,10.05,15.53,14179,0.13
3883,1,10.3,2.78,14179,0.33
3883,1,10.35,14.25,14179,0.15
3883,1,10.58,18.0,14179,0.23
3883,1,10.88,12.0,14179,0.28
3883,1,11.08,16.05,14179,0.35
3883,1,11.35,21.17,14179,0.32
3883,1,11.7,16.27,14179,0.25
3883,1,11.98,17.62,14179,0.13
3883,1,12.27,24.47,14179,0.2
3883,1,12.68,12.52,14179,0.52
3883,1,12.88,21.83,14179,0.32
3883,1,13.25,17.72,14179,0.33
3883,1,13.55,19.78,14179,0.63
3883,1,13.88,15.75,14179,0.65
3883,1,14.13,18.27,14179,0.27
3883,1,14.45,25.75,14179,0.8
3883,1,14.87,13.13,14179,0.32
3883,1,15.1,15.18,14179,0.27
3883,1,15.35,17.58,14179,0.17
3883,1,15.63,19.43,14179,0.28
3883,1,15.97,10.77,14179,0.43
3883,1,16.13,20.62,14179,1.1
3883,1,16.48,2.73,14179,0.28
3883,1,16.53,11.3,14179,0.25
3883,1,16.72,0.43,14179,0.27
3883,1,16.73,19.58,14179,1.8
3883,1,17.05,21.25,14179,0.37
3883,1,17.4,2.75,14179,0.68
3883,1,17.45,2.85,14179,0.35
3883,1,17.5,14.03,14179,0.27
3883,1,17.73,9.97,14179,0.4
3883,1,17.9,13.17,14179,0.32
3883,1,18.12,9.35,14179,0.37
3883,1,18.28,12.88,14179,0.28
3883,1,18.48,6.02,14179,0.37
3883,1,18.58,10.85,14179,0.23
3883,1,18.77,17.05,14179,0.25
3883,1,19.05,7.52,14179,0.23
3883,1,19.18,17.23,14179,0.13
3883,1,19.47,6.85,14179,0.17
3883,1,19.58,24.03,14179,0.28
3883,1,19.98,16.35,14179,0.22
3883,1,20.25,20.73,14179,0.27
3883,1,20.6,14.18,14179,0.3
3883,1,20.83,20.25,14179,0.35
3883,1,21.17,27.42,14179,2.72
3883,1,22.97,,14179,0.35
3883,2,4.57,18.45,14179,0.13
3883,2,4.88,32.75,14179,0.12
3883,2,5.43,9.8,14179,0.13
3883,2,5.58,19.1,14179,0.18
3883,2,5.9,22.85,14179,0.38
3883,2,6.28,16.97,14179,0.28
3883,2,6.57,16.43,14179,0.22
3883,2,6.85,17.07,14179,0.13
3883,2,7.13,19.6,14179,0.17
3883,2,7.45,21.52,14179,0.27
3883,2,7.82,16.1,14179,0.27
3883,2,8.08,16.73,14179,0.33
3883,2,8.37,6.63,14179,0.18
3883,2,8.47,3.0,14179,0.22
3883,2,8.52,12.77,14179,0.27
3883,2,8.73,5.68,14179,4.48
3883,2,8.83,15.32,14179,0.27
3883,2,9.08,4.6,14179,0.23
3883,2,9.17,9.15,14179,0.23
3883,2,9.32,4.72,14179,0.28
3883,2,9.4,5.47,14179,3.27
3883,2,9.48,11.43,14179,0.47
3883,2,9.68,7.0,14179,0.15
3883,2,9.8,11.22,14179,0.13
3883,2,9.98,7.05,14179,0.15
3883,2,10.1,14.38,14179,0.23
3883,2,10.33,5.67,14179,0.33
3883,2,10.43,14.25,14179,0.27
3883,2,10.67,12.47,14179,0.28
3883,2,10.88,16.22,14179,0.15
3883,2,11.15,9.87,14179,0.35
3883,2,11.32,29.67,14179,0.5
3883,2,12.12,13.47,14179,0.28
3883,2,12.35,21.1,14179,0.15
3883,2,12.7,17.27,14179,0.12
3883,2,12.98,23.27,14179,0.33
3883,2,13.37,25.12,14179,0.37
3883,2,13.78,5.97,14179,0.32
3883,2,13.88,29.73,14179,0.32
3883,2,14.38,17.08,14179,0.3
3883,2,14.67,1.43,14179,0.38
3883,2,14.7,41.25,14179,0.55
3883,2,15.38,2.68,14179,0.32
3883,2,15.43,27.77,14179,0.22
3883,2,15.88,6.98,14179,0.62
3883,2,16.0,36.27,14179,0.47
3883,2,16.62,1.4,14179,0.58
3883,2,16.63,2.92,14179,0.28
3883,2,16.68,4.53,14179,0.32
3883,2,16.75,35.65,14179,4.77
3883,2,17.35,9.7,14179,0.3
3883,2,17.52,1.13,14179,0.68
3883,2,17.83,16.93,14179,0.3
3883,2,18.12,0.03,14179,0.2
3883,2,18.12,32.67,14179,0.35
3883,2,18.73,5.78,14179,0.3
3883,2,18.83,27.15,14179,0.3
3883,2,19.28,6.88,14179,0.32
3883,2,19.4,19.97,14179,0.25
3883,2,19.73,12.07,14179,0.25
3883,2,19.93,23.23,14179,0.27
3883,2,20.32,17.9,14179,0.23
3883,2,20.62,21.22,14179,0.3
3883,2,20.97,17.07,14179,0.28
3883,2,21.25,14.67,14179,0.3
3883,2,21.5,21.98,14179,0.18
3883,2,21.87,24.18,14179,0.27
3883,2,22.27,19.73,14179,0.22
3883,2,22.95,,14179,0.13
3883,3,4.28,18.13,14179,0.12
3883,3,4.58,17.0,14179,0.13
3883,3,4.87,16.43,14179,0.13
3883,3,5.13,21.73,14179,0.22
3883,3,5.5,7.28,14179,0.25
3883,3,5.62,17.35,14179,0.22
3883,3,5.92,20.27,14179,0.2
3883,3,6.25,17.87,14179,0.33
3883,3,6.55,17.43,14179,0.15
3883,3,6.83,19.48,14179,0.32
3883,3,7.17,15.52,14179,0.13
3883,3,7.42,20.08,14179,0.32
3883,3,7.75,14.27,14179,0.35
3883,3,8.0,13.93,14179,0.55
3883,3,8.23,12.57,14179,0.12
3883,3,8.43,4.28,14179,0.22
3883,3,8.5,12.93,14179,0.22
3883,3,8.72,16.88,14179,0.3
3883,3,9.0,1.42,14179,0.32
3883,3,9.03,4.32,14179,0.15
3883,3,9.1,2.87,14179,0.23
3883,3,9.15,12.4,14179,0.15
3883,3,9.35,8.6,14179,0.32
3883,3,9.5,1.28,14179,0.23
3883,3,9.52,8.98,14179,0.27
3883,3,9.67,7.05,14179,0.2
3883,3,9.78,8.68,14179,0.32
3883,3,9.93,9.67,14179,0.23
3883,3,10.08,9.83,14179,0.13
3883,3,10.25,8.38,14179,0.2
3883,3,10.4,11.43,14179,0.12
3883,3,10.58,15.53,14179,0.28
3883,3,10.85,13.5,14179,0.15
3883,3,11.07,21.58,14179,0.33
3883,3,11.43,17.52,14179,0.25
3883,3,11.72,16.12,14179,0.3
3883,3,11.98,20.27,14179,0.2
3883,3,12.33,15.72,14179,0.1
3883,3,12.58,16.9,14179,0.3
3883,3,12.87,28.55,14179,0.18
3883,3,13.35,15.02,14179,0.13
3883,3,13.6,15.5,14179,0.45
3883,3,13.85,18.88,14179,0.3
3883,3,14.17,17.98,14179,0.2
3883,3,14.47,17.02,14179,0.38
3883,3,14.75,14.1,14179,0.33
3883,3,14.98,26.97,14179,0.3
3883,3,15.43,17.13,14179,0.33
3883,3,15.72,14.5,14179,0.32
3883,3,15.97,11.2,14179,0.33
3883,3,16.15,16.93,14179,0.37
3883,3,16.43,8.53,14179,0.28
3883,3,16.58,5.55,14179,0.42
3883,3,16.67,8.45,14179,0.28
3883,3,16.82,11.55,14179,0.43
3883,3,17.0,18.13,14179,0.37
3883,3,17.3,13.02,14179,0.2
3883,3,17.52,17.05,14179,0.33
3883,3,17.8,2.85,14179,0.32
3883,3,17.85,12.85,14179,0.23
3883,3,18.07,13.8,14179,0.3
3883,3,18.32,12.68,14179,0.2
3883,3,18.53,17.05,14179,0.32
3883,3,18.82,0.02,14179,0.32
3883,3,18.82,19.9,14179,0.28
3883,3,19.15,6.02,14179,0.32
3883,3,19.25,15.47,14179,0.25
3883,3,19.52,8.58,14179,0.12
3883,3,19.65,19.08,14179,0.38
3883,3,19.97,17.1,14179,0.22
3883,3,20.25,19.0,14179,0.25
3883,3,20.57,22.08,14179,0.25
3883,3,20.93,37.85,14179,0.25
3883,3,21.57,16.93,14179,0.37
3883,3,21.85,26.43,14179,0.3
3883,3,22.3,13.43,14179,0.12
3883,3,22.52,,14179,0.33
3883,4,4.27,19.77,14179,0.15
3883,4,4.6,16.55,14179,0.18
3883,4,4.87,16.37,14179,0.18
3883,4,5.15,19.7,14179,0.15
3883,4,5.47,3.63,14179,0.25
3883,4,5.53,21.83,14179,0.33
3883,4,5.9,22.18,14179,0.25
3883,4,6.27,19.43,14179,0.3
3883,4,6.58,12.63,14179,0.58
3883,4,6.8,22.58,14179,0.37
3883,4,7.18,19.9,14179,0.18
3883,4,7.52,14.13,14179,0.15
3883,4,7.75,15.4,14179,0.2
3883,4,8.0,12.83,14179,0.3
3883,4,8.22,14.3,14179,0.27
3883,4,8.45,5.75,14179,0.18
3883,4,8.55,13.9,14179,0.27
3883,4,8.78,3.0,14179,0.28
3883,4,8.83,7.13,14179,0.23
3883,4,8.95,12.63,14179,2.52
3883,4,9.17,3.07,14179,0.17
3883,4,9.22,6.87,14179,0.22
3883,4,9.33,8.38,14179,0.15
3883,4,9.47,1.65,14179,0.17
3883,4,9.5,1.85,14179,0.17
3883,4,9.52,17.8,14179,5.65
3883,4,9.82,4.45,14179,0.25
3883,4,9.9,16.88,14179,0.2
3883,4,10.18,7.07,14179,0.17
3883,4,10.3,9.73,14179,0.15
3883,4,10.45,12.67,14179,0.13
3883,4,10.67,8.65,14179,0.32
3883,4,10.82,14.62,14179,0.15
3883,4,11.05,22.25,14179,0.77
3883,4,11.43,21.1,14179,0.13
3883,4,11.78,23.65,14179,0.1
3883,4,12.17,7.32,14179,0.72
3883,4,12.3,24.45,14179,0.15
3883,4,12.7,16.82,14179,0.23
3883,4,12.98,17.68,14179,0.4
3883,4,13.28,17.1,14179,0.72
3883,4,13.57,48.18,14179,0.3
3883,4,14.37,1.57,14179,0.33
3883,4,14.5,23.32,14179,0.68
3883,4,14.9,20.55,14179,0.27
3883,4,15.23,15.65,14179,0.25
3883,4,15.5,18.13,14179,0.35
3883,4,15.8,33.2,14179,0.28
3883,4,16.35,1.5,14179,0.23
3883,4,16.4,27.02,14179,0.27
3883,4,16.85,2.68,14179,0.33
3883,4,16.9,18.53,14179,0.3
3883,4,17.2,14.3,14179,0.23
3883,4,17.45,21.1,14179,0.58
3883,4,17.8,0.25,14179,0.28
3883,4,17.8,16.87,14179,0.25
3883,4,18.08,8.35,14179,0.27
3883,4,18.22,8.52,14179,0.22
3883,4,18.37,16.92,14179,0.28
3883,4,18.65,6.93,14179,0.52
3883,4,18.75,1.63,14179,2.62
3883,4,18.78,12.65,14179,0.33
3883,4,19.0,41.82,14179,0.2
3883,4,19.7,16.42,14179,0.18
3883,4,19.97,16.98,14179,0.3
3883,4,20.25,18.73,14179,0.35
3883,4,20.57,16.97,14179,0.13
3883,4,20.85,42.4,14179,0.13
3883,4,21.55,38.4,14179,0.17
3883,4,22.18,23.33,14179,0.15
3883,4,23.0,,14179,0.23
3883,5,5.6,23.62,14179,0.5
3883,5,6.0,19.92,14179,0.35
3883,5,6.33,10.43,14179,0.23
3883,5,6.5,23.45,14179,0.7
3883,5,6.9,23.1,14179,0.28
3883,5,7.28,20.75,14179,0.33
3883,5,7.63,20.37,14179,0.27
3883,5,7.97,18.03,14179,0.33
3883,5,8.27,43.12,14179,0.3
3883,5,8.98,19.77,14179,0.77
3883,5,9.32,26.57,14179,0.33
3883,5,9.77,10.62,14179,0.15
3883,5,9.93,20.38,14179,0.25
3883,5,10.28,27.17,14179,0.1
3883,5,10.73,14.57,14179,0.15
3883,5,10.97,19.87,14179,0.5
3883,5,11.3,22.8,14179,0.38
3883,5,11.68,14.22,14179,0.28
3883,5,11.92,22.65,14179,0.23
3883,5,12.3,21.25,14179,0.3
3883,5,12.65,17.52,14179,0.33
3883,5,12.95,12.22,14179,0.37
3883,5,13.15,17.1,14179,0.28
3883,5,13.43,20.28,14179,0.35
3883,5,13.77,16.1,14179,0.18
3883,5,14.03,19.5,14179,0.58
3883,5,14.37,23.22,14179,0.25
3883,5,14.75,13.5,14179,0.4
3883,5,14.98,17.47,14179,0.12
3883,5,15.27,20.27,14179,0.22
3883,5,15.6,19.65,14179,0.33
3883,5,15.93,8.85,14179,0.27
3883,5,16.08,24.33,14179,1.48
3883,5,16.48,18.92,14179,0.3
3883,5,16.8,15.43,14179,0.27
3883,5,17.05,16.68,14179,3.53
3883,5,17.33,25.0,14179,0.32
3883,5,17.75,9.83,14179,0.37
3883,5,17.92,15.2,14179,0.28
3883,5,18.17,21.65,14179,0.27
3883,5,18.53,15.12,14179,0.3
3883,5,18.78,27.3,14179,0.37
3883,5,19.23,17.07,14179,0.27
3883,5,19.52,22.57,14179,0.8
3883,5,20.2,,14179,0.17
3883,6,6.25,21.43,14179,0.17
3883,6,6.62,18.98,14179,0.25
3883,6,6.93,25.58,14179,0.2
3883,6,7.6,20.08,14179,0.18
3883,6,7.93,20.65,14179,0.3
3883,6,8.28,26.55,14179,0.12
3883,6,8.73,17.45,14179,0.2
3883,6,9.02,20.6,14179,0.13
3883,6,9.37,27.62,14179,0.45
3883,6,9.82,18.42,14179,0.23
3883,6,10.13,18.92,14179,4.75
3883,6,10.45,22.33,14179,0.27
3883,6,10.82,19.63,14179,0.17
3883,6,11.15,21.32,14179,0.17
3883,6,11.5,19.35,14179,0.08
3883,6,11.82,22.15,14179,0.32
3883,6,12.18,13.18,14179,0.28
3883,6,12.42,19.77,14179,0.27
3883,6,12.73,14.57,14179,0.28
3883,6,12.98,19.38,14179,0.15
3883,6,13.3,32.33,14179,0.25
3883,6,13.85,22.3,14179,0.77
3883,6,14.22,12.12,14179,0.18
3883,6,14.42,21.22,14179,0.33
3883,6,14.77,21.18,14179,0.27
3883,6,15.12,17.18,14179,0.27
3883,6,15.42,16.95,14179,0.37
3883,6,15.7,19.67,14179,0.23
3883,6,16.02,17.02,14179,0.27
3883,6,16.3,20.7,14179,0.35
3883,6,16.65,15.52,14179,0.17
3883,6,16.9,14.65,14179,0.28
3883,6,17.15,23.33,14179,0.35
3883,6,17.53,18.78,14179,0.22
3883,6,17.85,14.43,14179,0.23
3883,6,18.1,19.88,14179,0.67
3883,6,18.42,26.73,14179,0.83
3883,6,18.87,33.67,14179,0.37
3883,6,19.43,19.03,14179,0.13
3883,0,6.28,40.32,14179,0.22
3883,0,6.95,21.48,14179,0.12
3883,0,7.3,15.57,14179,0.17
3883,0,7.57,21.03,14179,0.1
3883,0,7.92,24.03,14179,0.27
3883,0,8.32,24.13,14179,0.27
3883,0,8.72,17.0,14179,0.35
3883,0,9.0,23.45,14179,0.32
3883,0,9.4,20.73,14179,0.28
3883,0,9.73,15.7,14179,0.25
3883,0,10.0,36.7,14179,5.4
3883,0,10.62,9.98,14179,0.17
3883,0,10.78,22.93,14179,0.13
3883,0,11.17,22.95,14179,0.52
3883,0,11.55,10.97,14179,0.52
3883,0,11.73,21.62,14179,0.58
3883,0,12.08,15.68,14179,0.27
3883,0,12.35,18.38,14179,3.6
3883,0,12.65,20.57,14179,0.35
3883,0,13.0,16.25,14179,0.15
3883,0,13.27,25.0,14179,0.25
3883,0,13.68,13.35,14179,0.35
3883,0,13.9,12.63,14179,0.48
3883,0,14.12,21.43,14179,0.28
3883,0,14.48,19.68,14179,0.52
3883,0,14.8,16.93,14179,0.25
3883,0,15.08,17.15,14179,0.27
3883,0,15.37,19.82,14179,0.32
3883,0,15.7,14.42,14179,0.23
3883,0,15.95,16.68,14179,0.25
3883,0,16.22,20.3,14179,0.62
3883,0,16.57,16.93,14179,0.22
3883,0,16.83,22.65,14179,0.25
3883,0,17.22,4.28,14179,0.32
3883,0,17.28,25.53,14179,0.28
3883,0,17.72,22.33,14179,0.3
3883,0,18.08,20.17,14179,0.23
3883,0,18.42,22.6,14179,0.2
3883,0,18.8,9.9,14179,0.35
3883,0,18.97,23.12,14179,0.18
3883,0,19.35,22.78,14179,0.13
3883,0,19.73,21.7,14179,0.18
3883,0,20.1,,14179,0.27
3883,1,4.25,37.18,14179,0.18
3883,1,4.87,33.58,14179,0.35
3883,1,5.43,7.22,14179,0.13
3883,1,5.55,24.63,14179,0.22
3883,1,5.97,19.3,14179,0.6
3883,1,6.28,16.58,14179,0.22
3883,1,6.55,16.75,14179,0.27
3883,1,6.83,16.62,14179,0.27
3883,1,7.12,19.85,14179,0.2
3883,1,7.45,28.4,14179,0.17
3883,1,7.92,3.02,14179,0.27
3883,1,7.97,16.73,14179,0.35
3883,1,8.25,15.18,14179,0.2
3883,1,8.5,0.68,14179,0.27
3883,1,8.52,12.28,14179,0.18
3883,1,8.72,7.13,14179,4.1
3883,1,8.83,14.87,14179,0.25
3883,1,9.08,0.77,14179,0.33
3883,1,9.1,5.95,14179,0.15
3883,1,9.2,5.23,14179,0.2
3883,1,9.28,7.35,14179,0.25
3883,1,9.4,9.67,14179,2.3
3883,1,9.57,4.23,14179,0.27
3883,1,9.63,18.53,14179,0.27
3883,1,9.95,0.22,14179,0.15
3883,1,9.95,12.38,14179,0.23
3883,1,10.15,3.15,14179,0.2
3883,1,10.2,21.28,14179,0.35
3883,1,10.57,1.32,14179,0.17
3883,1,10.58,16.78,14179,0.18
3883,1,10.87,7.73,14179,0.13
3883,1,11.0,28.35,14179,0.62
3883,1,11.47,24.88,14179,0.63
3883,1,11.88,4.37,14179,0.15
3883,1,11.95,24.18,14179,0.27
3883,1,12.35,15.9,14179,0.3
3883,1,12.62,40.97,14179,0.23
3883,1,13.3,20.2,14179,0.33
3883,1,13.63,19.73,14179,0.27
3883,1,13.97,17.1,14179,0.35
3883,1,14.25,12.52,14179,0.2
3883,1,14.47,30.97,14179,0.42
3883,1,14.98,26.08,14179,0.77
3883,1,15.42,21.62,14179,0.43
3883,1,15.77,20.82,14179,0.63
3883,1,16.12,22.97,14179,0.5
3883,1,16.5,3.37,14179,0.38
3883,1,16.57,11.67,14179,0.65
3883,1,16.75,6.68,14179,0.32
3883,1,16.87,2.38,14179,4.28
3883,1,16.9,8.48,14179,0.63
3883,1,17.05,10.98,14179,0.53
3883,1,17.23,11.52,14179,0.2
3883,1,17.42,11.45,14179,0.33
3883,1,17.62,8.4,14179,0.43
3883,1,17.75,12.6,14179,0.35
3883,1,17.97,4.93,14179,0.23
3883,1,18.05,16.62,14179,7.1
3883,1,18.32,8.03,14179,0.32
3883,1,18.45,8.73,14179,0.18
3883,1,18.6,8.42,14179,0.25
3883,1,18.73,4.25,14179,2.38
3883,1,18.82,22.03,14179,0.18
3883,1,19.18,13.93,14179,0.15
3883,1,19.42,12.4,14179,0.17
3883,1,19.62,22.32,14179,0.38
3883,1,19.98,15.03,14179,0.27
3883,1,20.23,21.72,14179,6.7
3883,1,20.6,15.15,14179,0.28
3883,1,20.85,22.92,14179,0.35
3883,1,21.23,20.03,14179,2.27
3883,1,21.57,17.97,14179,0.25
3883,1,21.87,41.38,14179,0.28
3883,1,22.95,,14179,0.3
3883,2,4.27,20.47,14179,0.2
3883,2,4.62,13.98,14179,0.18
3883,2,4.85,36.83,14179,0.18
3883,2,5.47,6.33,14179,0.18
3883,2,5.57,21.0,14179,0.32
3883,2,5.92,20.32,14179,0.17
3883,2,6.25,17.13,14179,1.08
3883,2,6.53,16.83,14179,0.27
3883,2,6.82,21.1,14179,0.3
3883,2,7.17,16.78,14179,0.3
3883,2,7.45,16.83,14179,0.32
3883,2,7.73,19.05,14179,0.28
3883,2,8.05,8.08,14179,0.33
3883,2,8.18,15.37,14179,0.27
3883,2,8.45,4.63,14179,0.27
3883,2,8.52,15.23,14179,0.28
3883,2,8.77,2.57,14179,0.35
3883,2,8.82,20.45,14179,0.37
3883,2,9.15,5.3,14179,0.22
3883,2,9.25,0.12,14179,0.12
3883,2,9.25,8.55,14179,0.13
3883,2,9.38,1.35,14179,0.18
3883,2,9.42,5.63,14179,0.15
3883,2,9.5,8.5,14179,0.2
3883,2,9.65,5.78,14179,0.25
3883,2,9.75,14.05,14179,0.17
3883,2,9.98,4.18,14179,0.13
3883,2,10.05,14.38,14179,8.98
3883,2,10.28,5.88,14179,0.32
3883,2,10.38,10.73,14179,0.22
3883,2,10.57,20.37,14179,0.28
3883,2,10.9,4.23,14179,0.4
3883,2,10.97,23.07,14179,0.63
3883,2,11.37,23.18,14179,0.43
3883,2,11.75,14.9,14179,0.17
3883,2,12.0,17.1,14179,0.57
3883,2,12.28,23.12,14179,0.58
3883,2,12.67,16.57,14179,0.33
3883,2,12.93,17.0,14179,0.48
3883,2,13.22,29.53,14179,0.78
3883,2,13.83,20.82,14179,0.3
3883,2,14.18,17.88,14179,0.27
3883,2,14.48,14.02,14179,0.28
3883,2,14.72,22.42,14179,2.42
3883,2,15.08,16.95,14179,0.23
3883,2,15.37,21.42,14179,0.33
3883,2,15.73,13.03,14179,0.28
3883,2,15.95,16.78,14179,0.33
3883,2,16.23,9.68,14179,0.58
3883,2,16.38,17.02,14179,0.32
3883,2,16.67,0.45,14179,0.32
3883,2,16.68,7.03,14179,0.45
3883,2,16.8,31.47,14179,0.2
3883,2,17.32,5.17,14179,0.32
3883,2,17.4,0.13,14179,1.92
3883,2,17.42,22.63,14179,0.43
3883,2,17.78,0.03,14179,0.32
3883,2,17.78,14.13,14179,0.28
3883,2,18.02,3.0,14179,0.35
3883,2,18.07,18.1,14179,0.57
3883,2,18.37,4.37,14179,0.27
3883,2,18.45,14.1,14179,0.32
3883,2,18.68,3.03,14179,0.28
3883,2,18.73,13.93,14179,0.23
3883,2,18.97,10.48,14179,0.28
3883,2,19.13,23.95,14179,0.27
3883,2,19.53,8.42,14179,0.28
3883,2,19.68,20.13,14179,0.25
3883,2,20.02,17.9,14179,0.17
3883,2,20.32,25.08,14179,0.5
3883,2,20.73,7.9,14179,0.3
3883,2,20.87,41.75,14179,0.17
3883,2,21.57,18.32,14179,0.63
3883,2,22.57,22.63,14179,0.2
3883,3,4.3,17.0,14179,0.15
3883,3,4.58,17.18,14179,0.15
3883,3,4.87,18.1,14179,0.13
3883,3,5.48,10.7,14179,0.1
3883,3,5.65,16.43,14179,0.23
3883,3,5.93,21.53,14179,0.15
3883,3,6.28,15.9,14179,0.33
3883,3,6.55,20.77,14179,0.23
3883,3,6.9,18.38,14179,0.25
3883,3,7.2,14.48,14179,0.25
3883,3,7.45,18.03,14179,0.18
3883,3,7.75,15.47,14179,0.17
3883,3,8.0,11.67,14179,0.2
3883,3,8.2,21.05,14179,0.15
3883,3,8.55,1.58,14179,0.25
3883,3,8.58,17.22,14179,0.15
3883,3,8.87,2.52,14179,0.18
3883,3,8.9,5.75,14179,0.28
3883,3,9.0,5.72,14179,0.2
3883,3,9.1,7.07,14179,0.18
3883,3,9.22,8.13,14179,0.17
3883,3,9.35,4.33,14179,0.23
3883,3,9.42,8.75,14179,0.27
3883,3,9.57,1.38,14179,0.23
3883,3,9.58,13.92,14179,0.22
3883,3,9.82,7.25,14179,0.2
3883,3,9.95,15.22,14179,3.42
3883,3,10.2,1.82,14179,0.27
3883,3,10.23,11.62,14179,2.72
3883,3,10.42,6.75,14179,0.2
3883,3,10.53,18.97,14179,0.27
3883,3,10.85,8.45,14179,0.27
3883,3,10.98,22.9,14179,0.15
3883,3,11.37,20.4,14179,0.25
3883,3,11.72,16.37,14179,0.17
3883,3,11.98,20.17,14179,0.23
3883,3,12.32,18.48,14179,0.33
3883,3,12.63,12.63,14179,0.37
3883,3,12.83,25.48,14179,0.28
3883,3,13.27,14.25,14179,0.28
3883,3,13.5,21.77,14179,0.37
3883,3,13.87,23.32,14179,0.32
3883,3,14.25,7.18,14179,0.22
3883,3,14.37,19.65,14179,0.32
3883,3,14.7,22.88,14179,0.23
3883,3,15.08,23.88,14179,0.25
3883,3,15.48,11.27,14179,0.57
3883,3,15.67,29.03,14179,0.37
3883,3,16.15,7.15,14179,0.35
3883,3,16.27,7.82,14179,0.28
3883,3,16.4,11.93,14179,0.3
3883,3,16.6,0.15,14179,0.32
3883,3,16.6,12.87,14179,0.28
3883,3,16.82,20.8,14179,0.27
3883,3,17.17,3.2,14179,0.32
3883,3,17.22,17.17,14179,0.43
3883,3,17.5,2.62,14179,0.25
3883,3,17.55,18.37,14179,0.17
3883,3,17.85,12.62,14179,0.27
3883,3,18.07,24.8,14179,0.55
3883,3,18.48,2.68,14179,0.62
3883,3,18.52,12.52,14179,2.43
3883,3,18.73,2.5,14179,0.17
3883,3,18.77,16.6,14179,0.33
3883,3,19.05,5.97,14179,0.35
3883,3,19.15,11.03,14179,0.27
3883,3,19.33,27.18,14179,0.27
3883,3,19.78,10.95,14179,0.25
3883,3,19.97,16.92,14179,0.23
3883,3,20.25,21.32,14179,0.25
3883,3,20.6,18.73,14179,0.3
3883,3,20.92,14.25,14179,0.23
3883,3,21.15,42.07,14179,0.72
3883,3,21.85,22.57,14179,0.42
3883,3,22.23,22.85,14179,0.13
3883,3,22.62,,14179,0.17
3883,4,4.25,19.55,14179,0.2
3883,4,4.58,17.22,14179,0.13
3883,4,4.87,16.85,14179,0.3
3883,4,5.15,19.73,14179,0.13
3883,4,5.48,4.32,14179,0.1
3883,4,5.55,21.4,14179,0.2
3883,4,5.9,22.7,14179,0.28
3883,4,6.28,18.33,14179,0.28
3883,4,6.58,15.7,14179,0.3
3883,4,6.85,17.3,14179,0.25
3883,4,7.13,18.5,14179,0.22
3883,4,7.45,18.45,14179,0.38
3883,4,7.75,14.45,14179,0.3
3883,4,8.0,14.13,14179,0.33
3883,4,8.23,10.85,14179,0.32
3883,4,8.42,10.05,14179,0.28
3883,4,8.58,8.33,14179,0.23
3883,4,8.72,4.45,14179,0.23
3883,4,8.8,8.43,14179,0.22
3883,4,8.93,8.55,14179,0.32
3883,4,9.08,8.62,14179,0.2
3883,4,9.22,4.05,14179,0.28
3883,4,9.28,7.38,14179,0.22
3883,4,9.42,5.82,14179,0.53
3883,4,9.5,1.13,14179,7.97
3883,4,9.53,15.52,14179,0.22
3883,4,9.78,8.27,14179,0.38
3883,4,9.92,12.7,14179,0.25
3883,4,10.13,9.02,14179,0.32
3883,4,10.28,3.85,14179,1.18
3883,4,10.35,18.53,14179,0.27
3883,4,10.65,11.37,14179,0.22
3883,4,10.85,13.83,14179,0.28
3883,4,11.08,20.13,14179,0.12
3883,4,11.42,19.48,14179,0.25
3883,4,11.73,24.35,14179,0.47
3883,4,12.15,12.37,14179,0.15
3883,4,12.35,19.93,14179,0.33
3883,4,12.68,15.73,14179,0.27
3883,4,12.95,25.48,14179,0.15
3883,4,13.37,31.12,14179,0.25
3883,4,13.88,1.72,14179,0.32
3883,4,13.92,36.83,14179,0.27
3883,4,14.53,17.98,14179,0.3
3883,4,14.83,28.07,14179,0.28
3883,4,15.3,9.18,14179,0.33
3883,4,15.45,33.9,14179,0.35
3883,4,16.02,0.37,14179,0.48
3883,4,16.02,40.93,14179,0.42
3883,4,16.7,1.55,14179,0.28
3883,4,16.73,3.93,14179,0.23
3883,4,16.8,23.05,14179,0.3
3883,4,17.18,1.17,14179,0.18
3883,4,17.2,15.27,14179,0.38
3883,4,17.45,13.32,14179,0.33
3883,4,17.68,2.77,14179,0.18
3883,4,17.72,1.37,14179,0.27
3883,4,17.75,32.57,14179,2.82
3883,4,18.28,1.33,14179,0.32
3883,4,18.32,30.08,14179,0.15
3883,4,18.82,1.3,14179,0.17
3883,4,18.83,0.25,14179,0.33
3883,4,19.25,1.35,14179,0.33
3883,4,19.27,19.72,14179,0.28
3883,4,19.6,12.97,14179,0.3
3883,4,19.82,14.03,14179,0.27
3883,4,20.05,41.42,14179,0.35
3883,4,20.73,17.43,14179,0.18
3883,4,21.03,14.62,14179,0.53
3883,4,21.28,15.38,14179,0.12
3883,4,21.53,39.87,14179,0.2
